{"stat.pickup.minecraft.rotten_flesh":9,"stat.killEntity.Skeleton":7,"stat.walkOneCm":19097,"stat.pickup.minecraft.bone":8,"stat.leaveGame":1,"stat.pickup.minecraft.arrow":6,"stat.killEntity.Spider":6,"stat.killEntity.ZombieVillager":1,"stat.useItem.blackgold.bgpickaxe":24,"stat.mobKills":24,"stat.killEntity.Creeper":3,"stat.pickup.minecraft.dye":2,"stat.pickup.minecraft.string":4,"stat.flyOneCm":29702,"stat.jump":11,"stat.swimOneCm":980,"stat.playOneMinute":4401,"stat.damageDealt":4560,"stat.pickup.minecraft.gunpowder":1,"stat.killEntity.Zombie":7,"stat.timeSinceDeath":4401,"stat.pickup.minecraft.spider_eye":3,"stat.sprintOneCm":2114,"stat.useItem.blackgold.bgblock":16}