{"stat.flyOneCm":678,"stat.craftItem.minecraft.furnace":1,"stat.walkOneCm":6809,"stat.jump":20,"stat.craftItem.blackgold.bgingot":2,"stat.playOneMinute":4403,"stat.pickup.blackgold.bgblock":2,"stat.leaveGame":1,"stat.pickup.minecraft.stone":3,"stat.furnaceInteraction":1,"stat.mineBlock.minecraft.iron_ore":2,"stat.timeSinceDeath":4403,"stat.craftItem.blackgold.bgpickaxe":1,"stat.useItem.blackgold.bgpickaxe":64,"stat.pickup.minecraft.cobblestone":52,"stat.useItem.minecraft.stone_slab2":2,"stat.mineBlock.blackgold.bgblock":2,"stat.mineBlock.minecraft.stone":60,"stat.craftingTableInteraction":2,"stat.pickup.minecraft.iron_ore":2}