{"stat.flyOneCm":166788,"stat.walkOneCm":22631,"stat.jump":48,"stat.swimOneCm":4097,"stat.playOneMinute":30055,"stat.pickup.minecraft.potion":1,"stat.leaveGame":1,"stat.sneakTime":342,"stat.damageDealt":160,"stat.crouchOneCm":621,"stat.timeSinceDeath":30055,"stat.killEntity.Squid":2,"stat.useItem.blackgold.bgpickaxe":2,"stat.sprintOneCm":1519,"stat.mobKills":2,"stat.useItem.blackgold.bgblock":62,"stat.diveOneCm":35007,"stat.pickup.minecraft.dye":2,"stat.pickup.minecraft.planks":55,"stat.useItem.minecraft.potion":2}