{"stat.drop.minecraft.spawn_egg":1,"stat.drop.minecraft.stone_pickaxe":1,"stat.drop.minecraft.potion":1,"stat.drop.minecraft.iron_pickaxe":1,"stat.flyOneCm":15180,"stat.walkOneCm":20096,"stat.drop":7,"stat.jump":15,"stat.swimOneCm":8,"stat.playOneMinute":9489,"stat.leaveGame":1,"stat.sneakTime":441,"stat.pickup.minecraft.stained_glass":1,"stat.drop.minecraft.stained_glass":2,"stat.crouchOneCm":1502,"stat.timeSinceDeath":9489,"stat.useItem.minecraft.stone_slab2":8,"stat.useItem.blackgold.bgblock":57,"stat.diveOneCm":2838,"stat.drop.minecraft.diamond_pickaxe":1}