{"stat.walkOneCm":8509,"stat.craftItem.blackgold.bgingot":5,"stat.pickup.minecraft.stick":49,"stat.leaveGame":1,"stat.furnaceInteraction":1,"stat.useItem.minecraft.diamond_pickaxe":1,"stat.useItem.blackgold.bgpickaxe":89,"stat.craftItem.blackgold.bgpickaxe":1,"stat.mobKills":88,"stat.pickup.minecraft.sugar":26,"stat.flyOneCm":2970,"stat.pickup.minecraft.glass_bottle":25,"stat.jump":14,"stat.playOneMinute":10372,"stat.killEntity.Witch":88,"stat.pickup.blackgold.bgblock":2,"stat.sneakTime":20,"stat.pickup.minecraft.glowstone_dust":34,"stat.damageDealt":21460,"stat.pickup.minecraft.gunpowder":33,"stat.pickup.minecraft.redstone":19,"stat.timeSinceDeath":10372,"stat.pickup.minecraft.spider_eye":29,"stat.useItem.minecraft.iron_pickaxe":1,"stat.useItem.minecraft.spawn_egg":98,"stat.mineBlock.blackgold.bgblock":2,"stat.useItem.blackgold.bgblock":56,"stat.craftingTableInteraction":2}