{"stat.flyOneCm":23477,"stat.walkOneCm":17670,"stat.pickup.minecraft.wheat_seeds":2,"stat.jump":28,"stat.swimOneCm":226,"stat.playOneMinute":8329,"stat.pickup.minecraft.coal":1,"stat.pickup.minecraft.gravel":4,"stat.leaveGame":1,"stat.sneakTime":8,"stat.pickup.minecraft.stone":12,"stat.pickup.minecraft.flint":1,"stat.timeSinceDeath":8329,"stat.pickup.minecraft.dirt":65,"stat.pickup.minecraft.cobblestone":13,"stat.useItem.minecraft.stone_slab2":28,"stat.useItem.blackgold.bgblock":7,"stat.diveOneCm":248,"stat.useItem.minecraft.potion":1}